BEGIN TRANSACTION;
CREATE TABLE "USER_HISTORIES" (
	`USERID`	TEXT NOT NULL,
	`USAGEID`	TEXT NOT NULL,
	`DATE`	TEXT NOT NULL,
	PRIMARY KEY(`USERID`,`USAGEID`,`DATE`),
	FOREIGN KEY(`USERID`) REFERENCES `USERS`,
	FOREIGN KEY(`USAGEID`) REFERENCES SERVICE_USAGES
);
INSERT INTO `USER_HISTORIES` VALUES ('3efa803d92','1','2015-01-01');
INSERT INTO `USER_HISTORIES` VALUES ('3efa803d92','1','2015-02-02');
INSERT INTO `USER_HISTORIES` VALUES ('3efa803d92','1','2015-03-04');
INSERT INTO `USER_HISTORIES` VALUES ('3efa803d92','2','2015-04-05');
INSERT INTO `USER_HISTORIES` VALUES ('b89f491cac','2','2015-04-05');
INSERT INTO `USER_HISTORIES` VALUES ('b89f491cac','1','2015-05-05');
INSERT INTO `USER_HISTORIES` VALUES ('b89f491cac','3','2015-03-05');
CREATE TABLE "USERS" (
	`ID`	TEXT NOT NULL,
	`NAME`	TEXT NOT NULL,
	`EMAIL`	TEXT NOT NULL,
	`COUNTRY`	TEXT NOT NULL,
	`PHONE`	TEXT NOT NULL,
	PRIMARY KEY(`ID`)
);
INSERT INTO `USERS` VALUES ('0a5dfffeb5','Ivan','hooad@dola.com','SPain','645-8856-8854');
INSERT INTO `USERS` VALUES ('5311f72f76','Ivan','hooad@dol3a.com','SPain','645-8856-8854');
INSERT INTO `USERS` VALUES ('4a8bfb49b1','Luis
','ivan@dd222.com','Spain','6548-8745-51');
INSERT INTO `USERS` VALUES ('921cd42bb4','Alberto
','ivan@dd2222.com','Spain','6548-8745-54');
INSERT INTO `USERS` VALUES ('cfe231160e','ivan','luji@test.com
','Spain','6548-8745-53');
INSERT INTO `USERS` VALUES ('a101c4cbfc','lisa','lisa@test.com','China','654796541');
INSERT INTO `USERS` VALUES ('b89f491cac','alberto','alber@gmail.com','France','6547-965-965');
INSERT INTO `USERS` VALUES ('4dd24138f8','jorge','jor@gmail.com','Spain','6547-965874');
INSERT INTO `USERS` VALUES ('3efa803d92','Miguelon','hola@gmail.com','Spain','9898654-8989');
CREATE TABLE "SERVICE_USAGES" (
	`ID`	TEXT NOT NULL,
	`NAME`	TEXT NOT NULL,
	PRIMARY KEY(`ID`)
);
INSERT INTO `SERVICE_USAGES` VALUES ('1','DATA');
INSERT INTO `SERVICE_USAGES` VALUES ('2','VOICE');
INSERT INTO `SERVICE_USAGES` VALUES ('3','SMS');
COMMIT;
